Workbook

Sheet Setup
A1: Kids Coaching — Setup
A3: Academy Name | B3: Future Talent Academy Jamshoro
A4: Subject | B4: Kids Coaching
A5: Teacher Name | B5: Miss Farzana
A7: Teacher Share | B7: 0.5
A8: Academy Share | B8: =1-B7 -> 0.5
A10: How it works
A11: 1. Students sheet: write each student's name and their own monthly fee (fees are different).
A12: 2. Each month sheet fills in names and fees automatically.
A13: 3. Each month, type only the AMOUNT paid (and the date, if you like).
A14: 4. Unpaid fees carry forward to next month's 'Previous Due' automatically.
A15: 5. Year Summary sheet shows every month's totals on one page.

Sheet Students
A1: ="Kids Coaching — Student List ("&Setup!B5&")" -> Kids Coaching — Student List (Miss Farzana)
A2: Write each student's name and their monthly fee. Keep the order the same; add new students at the bottom.
A4: Serial No | B4: Student Name | C4: Father Name | D4: Phone No | E4: Monthly Fee
A5: 1 | B5: Sara (example) | C5: Ghulam Hussain | D5: 0300-0000000 | E5: 1000
A6: 2
A7: 3
A8: 4
A9: 5
A10: 6
A11: 7
A12: 8
A13: 9
A14: 10
A15: 11
A16: 12
A17: 13
... A54: 50

Sheet Year Summary
A1: =UPPER(Setup!B3) -> FUTURE TALENT ACADEMY JAMSHORO
A2: =Setup!B4&" • Year Summary 2026-27 • "&Setup!B5 -> Kids Coaching • Year Summary 2026-27 • Miss Farzana
A4: Month | B4: Students | C4: Monthly Fees Charged | D4: Fee Collected | E4: Teacher Share | F4: Academy Share | G4: Pending at Month End
A5: October 2026 | B5: =COUNTIF('Oct 2026'!B13:B62,"?*") -> 1 | C5: ='Oct 2026'!D63 -> 1000 | D5: ='Oct 2026'!F63 -> 500 | E5: ='Oct 2026'!F63*Setup!$B$7 -> 250 | F5: ='Oct 2026'!F63*Setup!$B$8 -> 250 | G5: ='Oct 2026'!G63 -> 500
A6: November 2026 | B6: =COUNTIF('Nov 2026'!B13:B62,"?*") -> 1 | C6: ='Nov 2026'!D63 -> 1000 | D6: ='Nov 2026'!F63 -> 0 | E6: ='Nov 2026'!F63*Setup!$B$7 -> 0 | F6: ='Nov 2026'!F63*Setup!$B$8 -> 0 | G6: ='Nov 2026'!G63 -> 1500
A7: December 2026 | B7: =COUNTIF('Dec 2026'!B13:B62,"?*") -> 1 | C7: ='Dec 2026'!D63 -> 1000 | D7: ='Dec 2026'!F63 -> 0 | E7: ='Dec 2026'!F63*Setup!$B$7 -> 0 | F7: ='Dec 2026'!F63*Setup!$B$8 -> 0 | G7: ='Dec 2026'!G63 -> 2500
A8: January 2027 | B8: =COUNTIF('Jan 2027'!B13:B62,"?*") -> 1 | C8: ='Jan 2027'!D63 -> 1000 | D8: ='Jan 2027'!F63 -> 0 | E8: ='Jan 2027'!F63*Setup!$B$7 -> 0 | F8: ='Jan 2027'!F63*Setup!$B$8 -> 0 | G8: ='Jan 2027'!G63 -> 3500
A9: February 2027 | B9: =COUNTIF('Feb 2027'!B13:B62,"?*") -> 1 | C9: ='Feb 2027'!D63 -> 1000 | D9: ='Feb 2027'!F63 -> 0 | E9: ='Feb 2027'!F63*Setup!$B$7 -> 0 | F9: ='Feb 2027'!F63*Setup!$B$8 -> 0 | G9: ='Feb 2027'!G63 -> 4500
A10: March 2027 | B10: =COUNTIF('Mar 2027'!B13:B62,"?*") -> 1 | C10: ='Mar 2027'!D63 -> 1000 | D10: ='Mar 2027'!F63 -> 0 | E10: ='Mar 2027'!F63*Setup!$B$7 -> 0 | F10: ='Mar 2027'!F63*Setup!$B$8 -> 0 | G10: ='Mar 2027'!G63 -> 5500
A11: April 2027 | B11: =COUNTIF('Apr 2027'!B13:B62,"?*") -> 1 | C11: ='Apr 2027'!D63 -> 1000 | D11: ='Apr 2027'!F63 -> 0 | E11: ='Apr 2027'!F63*Setup!$B$7 -> 0 | F11: ='Apr 2027'!F63*Setup!$B$8 -> 0 | G11: ='Apr 2027'!G63 -> 6500
A12: May 2027 | B12: =COUNTIF('May 2027'!B13:B62,"?*") -> 1 | C12: ='May 2027'!D63 -> 1000 | D12: ='May 2027'!F63 -> 0 | E12: ='May 2027'!F63*Setup!$B$7 -> 0 | F12: ='May 2027'!F63*Setup!$B$8 -> 0 | G12: ='May 2027'!G63 -> 7500
A13: June 2027 | B13: =COUNTIF('Jun 2027'!B13:B62,"?*") -> 1 | C13: ='Jun 2027'!D63 -> 1000 | D13: ='Jun 2027'!F63 -> 0 | E13: ='Jun 2027'!F63*Setup!$B$7 -> 0 | F13: ='Jun 2027'!F63*Setup!$B$8 -> 0 | G13: ='Jun 2027'!G63 -> 8500
A14: July 2027 | B14: =COUNTIF('Jul 2027'!B13:B62,"?*") -> 1 | C14: ='Jul 2027'!D63 -> 1000 | D14: ='Jul 2027'!F63 -> 0 | E14: ='Jul 2027'!F63*Setup!$B$7 -> 0 | F14: ='Jul 2027'!F63*Setup!$B$8 -> 0 | G14: ='Jul 2027'!G63 -> 9500
A15: August 2027 | B15: =COUNTIF('Aug 2027'!B13:B62,"?*") -> 1 | C15: ='Aug 2027'!D63 -> 1000 | D15: ='Aug 2027'!F63 -> 0 | E15: ='Aug 2027'!F63*Setup!$B$7 -> 0 | F15: ='Aug 2027'!F63*Setup!$B$8 -> 0 | G15: ='Aug 2027'!G63 -> 10500
A16: September 2027 | B16: =COUNTIF('Sep 2027'!B13:B62,"?*") -> 1 | C16: ='Sep 2027'!D63 -> 1000 | D16: ='Sep 2027'!F63 -> 0 | E16: ='Sep 2027'!F63*Setup!$B$7 -> 0 | F16: ='Sep 2027'!F63*Setup!$B$8 -> 0 | G16: ='Sep 2027'!G63 -> 11500
A17: YEAR TOTAL | C17: =SUM(C5:C16) -> 12000 | D17: =SUM(D5:D16) -> 500 | E17: =SUM(E5:E16) -> 250 | F17: =SUM(F5:F16) -> 250

Sheet Oct 2026
A1: =UPPER(Setup!B3) -> FUTURE TALENT ACADEMY JAMSHORO
A2: =Setup!B4&" Fee Register • October 2026" -> Kids Coaching Fee Register • October 2026
A4: Teacher | D4: =Setup!B5 -> Miss Farzana
A6: TEACHER SHARE | C6: ACADEMY SHARE | E6: FEE COLLECTED | G6: PENDING FEES
A7: =F63*Setup!B7 -> 250 | C7: =F63*Setup!B8 -> 250 | E7: =F63 -> 500 | G7: =G63 -> 500
A8: =Setup!B5 -> Miss Farzana | C8: =TEXT(Setup!B8,"0%")&" of fees collected" -> 50% of fees collected | E8: =COUNTIF(H13:H62,"Clear")&" students fully paid" -> 0 students fully paid | G8: =(COUNTIF(H13:H62,"Due")+COUNTIF(H13:H62,"Partial"))&" students with dues" -> 1 students with dues
A10: Yellow cells: type the amount paid (and date). Previous dues come from last month automatically.
A12: Serial No | B12: Student Name | C12: Previous Due | D12: Monthly Fee | E12: Total Payable | F12: Paid | G12: Balance | H12: Status | I12: Payment Date
A13: 1 | B13: =IF(Students!B5="","",Students!B5) -> Sara (example) | D13: =IF(B13="",0,N(Students!E5)) -> 1000 | E13: =N(C13)+N(D13) -> 1000 | F13: 500 | G13: =E13-N(F13) -> 500 | H13: =IF(B13="","",IF(G13<=0,"Clear",IF(N(F13)>0,"Partial","Due"))) -> Partial
A14: 2 | B14: =IF(Students!B6="","",Students!B6) | D14: =IF(B14="",0,N(Students!E6)) -> 0 | E14: =N(C14)+N(D14) -> 0 | G14: =E14-N(F14) -> 0 | H14: =IF(B14="","",IF(G14<=0,"Clear",IF(N(F14)>0,"Partial","Due")))
A15: 3 | B15: =IF(Students!B7="","",Students!B7) | D15: =IF(B15="",0,N(Students!E7)) -> 0 | E15: =N(C15)+N(D15) -> 0 | G15: =E15-N(F15) -> 0 | H15: =IF(B15="","",IF(G15<=0,"Clear",IF(N(F15)>0,"Partial","Due")))
A16: 4 | B16: =IF(Students!B8="","",Students!B8) | D16: =IF(B16="",0,N(Students!E8)) -> 0 | E16: =N(C16)+N(D16) -> 0 | G16: =E16-N(F16) -> 0 | H16: =IF(B16="","",IF(G16<=0,"Clear",IF(N(F16)>0,"Partial","Due")))
A17: 5 | B17: =IF(Students!B9="","",Students!B9) | D17: =IF(B17="",0,N(Students!E9)) -> 0 | E17: =N(C17)+N(D17) -> 0 | G17: =E17-N(F17) -> 0 | H17: =IF(B17="","",IF(G17<=0,"Clear",IF(N(F17)>0,"Partial","Due")))
A18: 6 | B18: =IF(Students!B10="","",Students!B10) | D18: =IF(B18="",0,N(Students!E10)) -> 0 | E18: =N(C18)+N(D18) -> 0 | G18: =E18-N(F18) -> 0 | H18: =IF(B18="","",IF(G18<=0,"Clear",IF(N(F18)>0,"Partial","Due")))
A19: 7 | B19: =IF(Students!B11="","",Students!B11) | D19: =IF(B19="",0,N(Students!E11)) -> 0 | E19: =N(C19)+N(D19) -> 0 | G19: =E19-N(F19) -> 0 | H19: =IF(B19="","",IF(G19<=0,"Clear",IF(N(F19)>0,"Partial","Due")))
A20: 8 | B20: =IF(Students!B12="","",Students!B12) | D20: =IF(B20="",0,N(Students!E12)) -> 0 | E20: =N(C20)+N(D20) -> 0 | G20: =E20-N(F20) -> 0 | H20: =IF(B20="","",IF(G20<=0,"Clear",IF(N(F20)>0,"Partial","Due")))
A21: 9 | B21: =IF(Students!B13="","",Students!B13) | D21: =IF(B21="",0,N(Students!E13)) -> 0 | E21: =N(C21)+N(D21) -> 0 | G21: =E21-N(F21) -> 0 | H21: =IF(B21="","",IF(G21<=0,"Clear",IF(N(F21)>0,"Partial","Due")))
A22: 10 | B22: =IF(Students!B14="","",Students!B14) | D22: =IF(B22="",0,N(Students!E14)) -> 0 | E22: =N(C22)+N(D22) -> 0 | G22: =E22-N(F22) -> 0 | H22: =IF(B22="","",IF(G22<=0,"Clear",IF(N(F22)>0,"Partial","Due")))
A23: 11 | B23: =IF(Students!B15="","",Students!B15) | D23: =IF(B23="",0,N(Students!E15)) -> 0 | E23: =N(C23)+N(D23) -> 0 | G23: =E23-N(F23) -> 0 | H23: =IF(B23="","",IF(G23<=0,"Clear",IF(N(F23)>0,"Partial","Due")))
A24: 12 | B24: =IF(Students!B16="","",Students!B16) | D24: =IF(B24="",0,N(Students!E16)) -> 0 | E24: =N(C24)+N(D24) -> 0 | G24: =E24-N(F24) -> 0 | H24: =IF(B24="","",IF(G24<=0,"Clear",IF(N(F24)>0,"Partial","Due")))
A25: 13 | B25: =IF(Students!B17="","",Students!B17) | D25: =IF(B25="",0,N(Students!E17)) -> 0 | E25: =N(C25)+N(D25) -> 0 | G25: =E25-N(F25) -> 0 | H25: =IF(B25="","",IF(G25<=0,"Clear",IF(N(F25)>0,"Partial","Due")))
... A62: 50 | B62: =IF(Students!B54="","",Students!B54) | D62: =IF(B62="",0,N(Students!E54)) -> 0 | E62: =N(C62)+N(D62) -> 0 | G62: =E62-N(F62) -> 0 | H62: =IF(B62="","",IF(G62<=0,"Clear",IF(N(F62)>0,"Partial","Due")))
A63: TOTAL | C63: =SUM(C13:C62) -> 0 | D63: =SUM(D13:D62) -> 1000 | E63: =SUM(E13:E62) -> 1000 | F63: =SUM(F13:F62) -> 500 | G63: =SUM(G13:G62) -> 500 | H63: =COUNTIF(B13:B62,"?*")&" students" -> 1 students

Sheet Nov 2026
A1: =UPPER(Setup!B3) -> FUTURE TALENT ACADEMY JAMSHORO
A2: =Setup!B4&" Fee Register • November 2026" -> Kids Coaching Fee Register • November 2026
A4: Teacher | D4: =Setup!B5 -> Miss Farzana
A6: TEACHER SHARE | C6: ACADEMY SHARE | E6: FEE COLLECTED | G6: PENDING FEES
A7: =F63*Setup!B7 -> 0 | C7: =F63*Setup!B8 -> 0 | E7: =F63 -> 0 | G7: =G63 -> 1500
A8: =Setup!B5 -> Miss Farzana | C8: =TEXT(Setup!B8,"0%")&" of fees collected" -> 50% of fees collected | E8: =COUNTIF(H13:H62,"Clear")&" students fully paid" -> 0 students fully paid | G8: =(COUNTIF(H13:H62,"Due")+COUNTIF(H13:H62,"Partial"))&" students with dues" -> 1 students with dues
A10: Yellow cells: type the amount paid (and date). Previous dues come from last month automatically.
A12: Serial No | B12: Student Name | C12: Previous Due | D12: Monthly Fee | E12: Total Payable | F12: Paid | G12: Balance | H12: Status | I12: Payment Date
A13: 1 | B13: =IF(Students!B5="","",Students!B5) -> Sara (example) | C13: ='Oct 2026'!G13 -> 500 | D13: =IF(B13="",0,N(Students!E5)) -> 1000 | E13: =N(C13)+N(D13) -> 1500 | G13: =E13-N(F13) -> 1500 | H13: =IF(B13="","",IF(G13<=0,"Clear",IF(N(F13)>0,"Partial","Due"))) -> Due
A14: 2 | B14: =IF(Students!B6="","",Students!B6) | C14: ='Oct 2026'!G14 -> 0 | D14: =IF(B14="",0,N(Students!E6)) -> 0 | E14: =N(C14)+N(D14) -> 0 | G14: =E14-N(F14) -> 0 | H14: =IF(B14="","",IF(G14<=0,"Clear",IF(N(F14)>0,"Partial","Due")))
A15: 3 | B15: =IF(Students!B7="","",Students!B7) | C15: ='Oct 2026'!G15 -> 0 | D15: =IF(B15="",0,N(Students!E7)) -> 0 | E15: =N(C15)+N(D15) -> 0 | G15: =E15-N(F15) -> 0 | H15: =IF(B15="","",IF(G15<=0,"Clear",IF(N(F15)>0,"Partial","Due")))
A16: 4 | B16: =IF(Students!B8="","",Students!B8) | C16: ='Oct 2026'!G16 -> 0 | D16: =IF(B16="",0,N(Students!E8)) -> 0 | E16: =N(C16)+N(D16) -> 0 | G16: =E16-N(F16) -> 0 | H16: =IF(B16="","",IF(G16<=0,"Clear",IF(N(F16)>0,"Partial","Due")))
A17: 5 | B17: =IF(Students!B9="","",Students!B9) | C17: ='Oct 2026'!G17 -> 0 | D17: =IF(B17="",0,N(Students!E9)) -> 0 | E17: =N(C17)+N(D17) -> 0 | G17: =E17-N(F17) -> 0 | H17: =IF(B17="","",IF(G17<=0,"Clear",IF(N(F17)>0,"Partial","Due")))
A18: 6 | B18: =IF(Students!B10="","",Students!B10) | C18: ='Oct 2026'!G18 -> 0 | D18: =IF(B18="",0,N(Students!E10)) -> 0 | E18: =N(C18)+N(D18) -> 0 | G18: =E18-N(F18) -> 0 | H18: =IF(B18="","",IF(G18<=0,"Clear",IF(N(F18)>0,"Partial","Due")))
A19: 7 | B19: =IF(Students!B11="","",Students!B11) | C19: ='Oct 2026'!G19 -> 0 | D19: =IF(B19="",0,N(Students!E11)) -> 0 | E19: =N(C19)+N(D19) -> 0 | G19: =E19-N(F19) -> 0 | H19: =IF(B19="","",IF(G19<=0,"Clear",IF(N(F19)>0,"Partial","Due")))
A20: 8 | B20: =IF(Students!B12="","",Students!B12) | C20: ='Oct 2026'!G20 -> 0 | D20: =IF(B20="",0,N(Students!E12)) -> 0 | E20: =N(C20)+N(D20) -> 0 | G20: =E20-N(F20) -> 0 | H20: =IF(B20="","",IF(G20<=0,"Clear",IF(N(F20)>0,"Partial","Due")))
A21: 9 | B21: =IF(Students!B13="","",Students!B13) | C21: ='Oct 2026'!G21 -> 0 | D21: =IF(B21="",0,N(Students!E13)) -> 0 | E21: =N(C21)+N(D21) -> 0 | G21: =E21-N(F21) -> 0 | H21: =IF(B21="","",IF(G21<=0,"Clear",IF(N(F21)>0,"Partial","Due")))
A22: 10 | B22: =IF(Students!B14="","",Students!B14) | C22: ='Oct 2026'!G22 -> 0 | D22: =IF(B22="",0,N(Students!E14)) -> 0 | E22: =N(C22)+N(D22) -> 0 | G22: =E22-N(F22) -> 0 | H22: =IF(B22="","",IF(G22<=0,"Clear",IF(N(F22)>0,"Partial","Due")))
A23: 11 | B23: =IF(Students!B15="","",Students!B15) | C23: ='Oct 2026'!G23 -> 0 | D23: =IF(B23="",0,N(Students!E15)) -> 0 | E23: =N(C23)+N(D23) -> 0 | G23: =E23-N(F23) -> 0 | H23: =IF(B23="","",IF(G23<=0,"Clear",IF(N(F23)>0,"Partial","Due")))
A24: 12 | B24: =IF(Students!B16="","",Students!B16) | C24: ='Oct 2026'!G24 -> 0 | D24: =IF(B24="",0,N(Students!E16)) -> 0 | E24: =N(C24)+N(D24) -> 0 | G24: =E24-N(F24) -> 0 | H24: =IF(B24="","",IF(G24<=0,"Clear",IF(N(F24)>0,"Partial","Due")))
... A62: 50 | B62: =IF(Students!B54="","",Students!B54) | C62: ='Oct 2026'!G62 -> 0 | D62: =IF(B62="",0,N(Students!E54)) -> 0 | E62: =N(C62)+N(D62) -> 0 | G62: =E62-N(F62) -> 0 | H62: =IF(B62="","",IF(G62<=0,"Clear",IF(N(F62)>0,"Partial","Due")))
A63: TOTAL | C63: =SUM(C13:C62) -> 500 | D63: =SUM(D13:D62) -> 1000 | E63: =SUM(E13:E62) -> 1500 | F63: =SUM(F13:F62) -> 0 | G63: =SUM(G13:G62) -> 1500 | H63: =COUNTIF(B13:B62,"?*")&" students" -> 1 students

Sheet Dec 2026
A1: =UPPER(Setup!B3) -> FUTURE TALENT ACADEMY JAMSHORO
A2: =Setup!B4&" Fee Register • December 2026" -> Kids Coaching Fee Register • December 2026
A4: Teacher | D4: =Setup!B5 -> Miss Farzana
A6: TEACHER SHARE | C6: ACADEMY SHARE | E6: FEE COLLECTED | G6: PENDING FEES
A7: =F63*Setup!B7 -> 0 | C7: =F63*Setup!B8 -> 0 | E7: =F63 -> 0 | G7: =G63 -> 2500
A8: =Setup!B5 -> Miss Farzana | C8: =TEXT(Setup!B8,"0%")&" of fees collected" -> 50% of fees collected | E8: =COUNTIF(H13:H62,"Clear")&" students fully paid" -> 0 students fully paid | G8: =(COUNTIF(H13:H62,"Due")+COUNTIF(H13:H62,"Partial"))&" students with dues" -> 1 students with dues
A10: Yellow cells: type the amount paid (and date). Previous dues come from last month automatically.
A12: Serial No | B12: Student Name | C12: Previous Due | D12: Monthly Fee | E12: Total Payable | F12: Paid | G12: Balance | H12: Status | I12: Payment Date
A13: 1 | B13: =IF(Students!B5="","",Students!B5) -> Sara (example) | C13: ='Nov 2026'!G13 -> 1500 | D13: =IF(B13="",0,N(Students!E5)) -> 1000 | E13: =N(C13)+N(D13) -> 2500 | G13: =E13-N(F13) -> 2500 | H13: =IF(B13="","",IF(G13<=0,"Clear",IF(N(F13)>0,"Partial","Due"))) -> Due
A14: 2 | B14: =IF(Students!B6="","",Students!B6) | C14: ='Nov 2026'!G14 -> 0 | D14: =IF(B14="",0,N(Students!E6)) -> 0 | E14: =N(C14)+N(D14) -> 0 | G14: =E14-N(F14) -> 0 | H14: =IF(B14="","",IF(G14<=0,"Clear",IF(N(F14)>0,"Partial","Due")))
A15: 3 | B15: =IF(Students!B7="","",Students!B7) | C15: ='Nov 2026'!G15 -> 0 | D15: =IF(B15="",0,N(Students!E7)) -> 0 | E15: =N(C15)+N(D15) -> 0 | G15: =E15-N(F15) -> 0 | H15: =IF(B15="","",IF(G15<=0,"Clear",IF(N(F15)>0,"Partial","Due")))
A16: 4 | B16: =IF(Students!B8="","",Students!B8) | C16: ='Nov 2026'!G16 -> 0 | D16: =IF(B16="",0,N(Students!E8)) -> 0 | E16: =N(C16)+N(D16) -> 0 | G16: =E16-N(F16) -> 0 | H16: =IF(B16="","",IF(G16<=0,"Clear",IF(N(F16)>0,"Partial","Due")))
A17: 5 | B17: =IF(Students!B9="","",Students!B9) | C17: ='Nov 2026'!G17 -> 0 | D17: =IF(B17="",0,N(Students!E9)) -> 0 | E17: =N(C17)+N(D17) -> 0 | G17: =E17-N(F17) -> 0 | H17: =IF(B17="","",IF(G17<=0,"Clear",IF(N(F17)>0,"Partial","Due")))
A18: 6 | B18: =IF(Students!B10="","",Students!B10) | C18: ='Nov 2026'!G18 -> 0 | D18: =IF(B18="",0,N(Students!E10)) -> 0 | E18: =N(C18)+N(D18) -> 0 | G18: =E18-N(F18) -> 0 | H18: =IF(B18="","",IF(G18<=0,"Clear",IF(N(F18)>0,"Partial","Due")))
A19: 7 | B19: =IF(Students!B11="","",Students!B11) | C19: ='Nov 2026'!G19 -> 0 | D19: =IF(B19="",0,N(Students!E11)) -> 0 | E19: =N(C19)+N(D19) -> 0 | G19: =E19-N(F19) -> 0 | H19: =IF(B19="","",IF(G19<=0,"Clear",IF(N(F19)>0,"Partial","Due")))
A20: 8 | B20: =IF(Students!B12="","",Students!B12) | C20: ='Nov 2026'!G20 -> 0 | D20: =IF(B20="",0,N(Students!E12)) -> 0 | E20: =N(C20)+N(D20) -> 0 | G20: =E20-N(F20) -> 0 | H20: =IF(B20="","",IF(G20<=0,"Clear",IF(N(F20)>0,"Partial","Due")))
A21: 9 | B21: =IF(Students!B13="","",Students!B13) | C21: ='Nov 2026'!G21 -> 0 | D21: =IF(B21="",0,N(Students!E13)) -> 0 | E21: =N(C21)+N(D21) -> 0 | G21: =E21-N(F21) -> 0 | H21: =IF(B21="","",IF(G21<=0,"Clear",IF(N(F21)>0,"Partial","Due")))
A22: 10 | B22: =IF(Students!B14="","",Students!B14) | C22: ='Nov 2026'!G22 -> 0 | D22: =IF(B22="",0,N(Students!E14)) -> 0 | E22: =N(C22)+N(D22) -> 0 | G22: =E22-N(F22) -> 0 | H22: =IF(B22="","",IF(G22<=0,"Clear",IF(N(F22)>0,"Partial","Due")))
A23: 11 | B23: =IF(Students!B15="","",Students!B15) | C23: ='Nov 2026'!G23 -> 0 | D23: =IF(B23="",0,N(Students!E15)) -> 0 | E23: =N(C23)+N(D23) -> 0 | G23: =E23-N(F23) -> 0 | H23: =IF(B23="","",IF(G23<=0,"Clear",IF(N(F23)>0,"Partial","Due")))
A24: 12 | B24: =IF(Students!B16="","",Students!B16) | C24: ='Nov 2026'!G24 -> 0 | D24: =IF(B24="",0,N(Students!E16)) -> 0 | E24: =N(C24)+N(D24) -> 0 | G24: =E24-N(F24) -> 0 | H24: =IF(B24="","",IF(G24<=0,"Clear",IF(N(F24)>0,"Partial","Due")))
... A62: 50 | B62: =IF(Students!B54="","",Students!B54) | C62: ='Nov 2026'!G62 -> 0 | D62: =IF(B62="",0,N(Students!E54)) -> 0 | E62: =N(C62)+N(D62) -> 0 | G62: =E62-N(F62) -> 0 | H62: =IF(B62="","",IF(G62<=0,"Clear",IF(N(F62)>0,"Partial","Due")))
A63: TOTAL | C63: =SUM(C13:C62) -> 1500 | D63: =SUM(D13:D62) -> 1000 | E63: =SUM(E13:E62) -> 2500 | F63: =SUM(F13:F62) -> 0 | G63: =SUM(G13:G62) -> 2500 | H63: =COUNTIF(B13:B62,"?*")&" students" -> 1 students

Sheet Jan 2027
A1: =UPPER(Setup!B3) -> FUTURE TALENT ACADEMY JAMSHORO
A2: =Setup!B4&" Fee Register • January 2027" -> Kids Coaching Fee Register • January 2027
A4: Teacher | D4: =Setup!B5 -> Miss Farzana
A6: TEACHER SHARE | C6: ACADEMY SHARE | E6: FEE COLLECTED | G6: PENDING FEES
A7: =F63*Setup!B7 -> 0 | C7: =F63*Setup!B8 -> 0 | E7: =F63 -> 0 | G7: =G63 -> 3500
A8: =Setup!B5 -> Miss Farzana | C8: =TEXT(Setup!B8,"0%")&" of fees collected" -> 50% of fees collected | E8: =COUNTIF(H13:H62,"Clear")&" students fully paid" -> 0 students fully paid | G8: =(COUNTIF(H13:H62,"Due")+COUNTIF(H13:H62,"Partial"))&" students with dues" -> 1 students with dues
A10: Yellow cells: type the amount paid (and date). Previous dues come from last month automatically.
A12: Serial No | B12: Student Name | C12: Previous Due | D12: Monthly Fee | E12: Total Payable | F12: Paid | G12: Balance | H12: Status | I12: Payment Date
A13: 1 | B13: =IF(Students!B5="","",Students!B5) -> Sara (example) | C13: ='Dec 2026'!G13 -> 2500 | D13: =IF(B13="",0,N(Students!E5)) -> 1000 | E13: =N(C13)+N(D13) -> 3500 | G13: =E13-N(F13) -> 3500 | H13: =IF(B13="","",IF(G13<=0,"Clear",IF(N(F13)>0,"Partial","Due"))) -> Due
A14: 2 | B14: =IF(Students!B6="","",Students!B6) | C14: ='Dec 2026'!G14 -> 0 | D14: =IF(B14="",0,N(Students!E6)) -> 0 | E14: =N(C14)+N(D14) -> 0 | G14: =E14-N(F14) -> 0 | H14: =IF(B14="","",IF(G14<=0,"Clear",IF(N(F14)>0,"Partial","Due")))
A15: 3 | B15: =IF(Students!B7="","",Students!B7) | C15: ='Dec 2026'!G15 -> 0 | D15: =IF(B15="",0,N(Students!E7)) -> 0 | E15: =N(C15)+N(D15) -> 0 | G15: =E15-N(F15) -> 0 | H15: =IF(B15="","",IF(G15<=0,"Clear",IF(N(F15)>0,"Partial","Due")))
A16: 4 | B16: =IF(Students!B8="","",Students!B8) | C16: ='Dec 2026'!G16 -> 0 | D16: =IF(B16="",0,N(Students!E8)) -> 0 | E16: =N(C16)+N(D16) -> 0 | G16: =E16-N(F16) -> 0 | H16: =IF(B16="","",IF(G16<=0,"Clear",IF(N(F16)>0,"Partial","Due")))
A17: 5 | B17: =IF(Students!B9="","",Students!B9) | C17: ='Dec 2026'!G17 -> 0 | D17: =IF(B17="",0,N(Students!E9)) -> 0 | E17: =N(C17)+N(D17) -> 0 | G17: =E17-N(F17) -> 0 | H17: =IF(B17="","",IF(G17<=0,"Clear",IF(N(F17)>0,"Partial","Due")))
A18: 6 | B18: =IF(Students!B10="","",Students!B10) | C18: ='Dec 2026'!G18 -> 0 | D18: =IF(B18="",0,N(Students!E10)) -> 0 | E18: =N(C18)+N(D18) -> 0 | G18: =E18-N(F18) -> 0 | H18: =IF(B18="","",IF(G18<=0,"Clear",IF(N(F18)>0,"Partial","Due")))
A19: 7 | B19: =IF(Students!B11="","",Students!B11) | C19: ='Dec 2026'!G19 -> 0 | D19: =IF(B19="",0,N(Students!E11)) -> 0 | E19: =N(C19)+N(D19) -> 0 | G19: =E19-N(F19) -> 0 | H19: =IF(B19="","",IF(G19<=0,"Clear",IF(N(F19)>0,"Partial","Due")))
A20: 8 | B20: =IF(Students!B12="","",Students!B12) | C20: ='Dec 2026'!G20 -> 0 | D20: =IF(B20="",0,N(Students!E12)) -> 0 | E20: =N(C20)+N(D20) -> 0 | G20: =E20-N(F20) -> 0 | H20: =IF(B20="","",IF(G20<=0,"Clear",IF(N(F20)>0,"Partial","Due")))
A21: 9 | B21: =IF(Students!B13="","",Students!B13) | C21: ='Dec 2026'!G21 -> 0 | D21: =IF(B21="",0,N(Students!E13)) -> 0 | E21: =N(C21)+N(D21) -> 0 | G21: =E21-N(F21) -> 0 | H21: =IF(B21="","",IF(G21<=0,"Clear",IF(N(F21)>0,"Partial","Due")))
A22: 10 | B22: =IF(Students!B14="","",Students!B14) | C22: ='Dec 2026'!G22 -> 0 | D22: =IF(B22="",0,N(Students!E14)) -> 0 | E22: =N(C22)+N(D22) -> 0 | G22: =E22-N(F22) -> 0 | H22: =IF(B22="","",IF(G22<=0,"Clear",IF(N(F22)>0,"Partial","Due")))
A23: 11 | B23: =IF(Students!B15="","",Students!B15) | C23: ='Dec 2026'!G23 -> 0 | D23: =IF(B23="",0,N(Students!E15)) -> 0 | E23: =N(C23)+N(D23) -> 0 | G23: =E23-N(F23) -> 0 | H23: =IF(B23="","",IF(G23<=0,"Clear",IF(N(F23)>0,"Partial","Due")))
A24: 12 | B24: =IF(Students!B16="","",Students!B16) | C24: ='Dec 2026'!G24 -> 0 | D24: =IF(B24="",0,N(Students!E16)) -> 0 | E24: =N(C24)+N(D24) -> 0 | G24: =E24-N(F24) -> 0 | H24: =IF(B24="","",IF(G24<=0,"Clear",IF(N(F24)>0,"Partial","Due")))
... A62: 50 | B62: =IF(Students!B54="","",Students!B54) | C62: ='Dec 2026'!G62 -> 0 | D62: =IF(B62="",0,N(Students!E54)) -> 0 | E62: =N(C62)+N(D62) -> 0 | G62: =E62-N(F62) -> 0 | H62: =IF(B62="","",IF(G62<=0,"Clear",IF(N(F62)>0,"Partial","Due")))
A63: TOTAL | C63: =SUM(C13:C62) -> 2500 | D63: =SUM(D13:D62) -> 1000 | E63: =SUM(E13:E62) -> 3500 | F63: =SUM(F13:F62) -> 0 | G63: =SUM(G13:G62) -> 3500 | H63: =COUNTIF(B13:B62,"?*")&" students" -> 1 students

Sheet Feb 2027
A1: =UPPER(Setup!B3) -> FUTURE TALENT ACADEMY JAMSHORO
A2: =Setup!B4&" Fee Register • February 2027" -> Kids Coaching Fee Register • February 2027
A4: Teacher | D4: =Setup!B5 -> Miss Farzana
A6: TEACHER SHARE | C6: ACADEMY SHARE | E6: FEE COLLECTED | G6: PENDING FEES
A7: =F63*Setup!B7 -> 0 | C7: =F63*Setup!B8 -> 0 | E7: =F63 -> 0 | G7: =G63 -> 4500
A8: =Setup!B5 -> Miss Farzana | C8: =TEXT(Setup!B8,"0%")&" of fees collected" -> 50% of fees collected | E8: =COUNTIF(H13:H62,"Clear")&" students fully paid" -> 0 students fully paid | G8: =(COUNTIF(H13:H62,"Due")+COUNTIF(H13:H62,"Partial"))&" students with dues" -> 1 students with dues
A10: Yellow cells: type the amount paid (and date). Previous dues come from last month automatically.
A12: Serial No | B12: Student Name | C12: Previous Due | D12: Monthly Fee | E12: Total Payable | F12: Paid | G12: Balance | H12: Status | I12: Payment Date
A13: 1 | B13: =IF(Students!B5="","",Students!B5) -> Sara (example) | C13: ='Jan 2027'!G13 -> 3500 | D13: =IF(B13="",0,N(Students!E5)) -> 1000 | E13: =N(C13)+N(D13) -> 4500 | G13: =E13-N(F13) -> 4500 | H13: =IF(B13="","",IF(G13<=0,"Clear",IF(N(F13)>0,"Partial","Due"))) -> Due
A14: 2 | B14: =IF(Students!B6="","",Students!B6) | C14: ='Jan 2027'!G14 -> 0 | D14: =IF(B14="",0,N(Students!E6)) -> 0 | E14: =N(C14)+N(D14) -> 0 | G14: =E14-N(F14) -> 0 | H14: =IF(B14="","",IF(G14<=0,"Clear",IF(N(F14)>0,"Partial","Due")))
A15: 3 | B15: =IF(Students!B7="","",Students!B7) | C15: ='Jan 2027'!G15 -> 0 | D15: =IF(B15="",0,N(Students!E7)) -> 0 | E15: =N(C15)+N(D15) -> 0 | G15: =E15-N(F15) -> 0 | H15: =IF(B15="","",IF(G15<=0,"Clear",IF(N(F15)>0,"Partial","Due")))
A16: 4 | B16: =IF(Students!B8="","",Students!B8) | C16: ='Jan 2027'!G16 -> 0 | D16: =IF(B16="",0,N(Students!E8)) -> 0 | E16: =N(C16)+N(D16) -> 0 | G16: =E16-N(F16) -> 0 | H16: =IF(B16="","",IF(G16<=0,"Clear",IF(N(F16)>0,"Partial","Due")))
A17: 5 | B17: =IF(Students!B9="","",Students!B9) | C17: ='Jan 2027'!G17 -> 0 | D17: =IF(B17="",0,N(Students!E9)) -> 0 | E17: =N(C17)+N(D17) -> 0 | G17: =E17-N(F17) -> 0 | H17: =IF(B17="","",IF(G17<=0,"Clear",IF(N(F17)>0,"Partial","Due")))
A18: 6 | B18: =IF(Students!B10="","",Students!B10) | C18: ='Jan 2027'!G18 -> 0 | D18: =IF(B18="",0,N(Students!E10)) -> 0 | E18: =N(C18)+N(D18) -> 0 | G18: =E18-N(F18) -> 0 | H18: =IF(B18="","",IF(G18<=0,"Clear",IF(N(F18)>0,"Partial","Due")))
A19: 7 | B19: =IF(Students!B11="","",Students!B11) | C19: ='Jan 2027'!G19 -> 0 | D19: =IF(B19="",0,N(Students!E11)) -> 0 | E19: =N(C19)+N(D19) -> 0 | G19: =E19-N(F19) -> 0 | H19: =IF(B19="","",IF(G19<=0,"Clear",IF(N(F19)>0,"Partial","Due")))
A20: 8 | B20: =IF(Students!B12="","",Students!B12) | C20: ='Jan 2027'!G20 -> 0 | D20: =IF(B20="",0,N(Students!E12)) -> 0 | E20: =N(C20)+N(D20) -> 0 | G20: =E20-N(F20) -> 0 | H20: =IF(B20="","",IF(G20<=0,"Clear",IF(N(F20)>0,"Partial","Due")))
A21: 9 | B21: =IF(Students!B13="","",Students!B13) | C21: ='Jan 2027'!G21 -> 0 | D21: =IF(B21="",0,N(Students!E13)) -> 0 | E21: =N(C21)+N(D21) -> 0 | G21: =E21-N(F21) -> 0 | H21: =IF(B21="","",IF(G21<=0,"Clear",IF(N(F21)>0,"Partial","Due")))
A22: 10 | B22: =IF(Students!B14="","",Students!B14) | C22: ='Jan 2027'!G22 -> 0 | D22: =IF(B22="",0,N(Students!E14)) -> 0 | E22: =N(C22)+N(D22) -> 0 | G22: =E22-N(F22) -> 0 | H22: =IF(B22="","",IF(G22<=0,"Clear",IF(N(F22)>0,"Partial","Due")))
A23: 11 | B23: =IF(Students!B15="","",Students!B15) | C23: ='Jan 2027'!G23 -> 0 | D23: =IF(B23="",0,N(Students!E15)) -> 0 | E23: =N(C23)+N(D23) -> 0 | G23: =E23-N(F23) -> 0 | H23: =IF(B23="","",IF(G23<=0,"Clear",IF(N(F23)>0,"Partial","Due")))
A24: 12 | B24: =IF(Students!B16="","",Students!B16) | C24: ='Jan 2027'!G24 -> 0 | D24: =IF(B24="",0,N(Students!E16)) -> 0 | E24: =N(C24)+N(D24) -> 0 | G24: =E24-N(F24) -> 0 | H24: =IF(B24="","",IF(G24<=0,"Clear",IF(N(F24)>0,"Partial","Due")))
... A62: 50 | B62: =IF(Students!B54="","",Students!B54) | C62: ='Jan 2027'!G62 -> 0 | D62: =IF(B62="",0,N(Students!E54)) -> 0 | E62: =N(C62)+N(D62) -> 0 | G62: =E62-N(F62) -> 0 | H62: =IF(B62="","",IF(G62<=0,"Clear",IF(N(F62)>0,"Partial","Due")))
A63: TOTAL | C63: =SUM(C13:C62) -> 3500 | D63: =SUM(D13:D62) -> 1000 | E63: =SUM(E13:E62) -> 4500 | F63: =SUM(F13:F62) -> 0 | G63: =SUM(G13:G62) -> 4500 | H63: =COUNTIF(B13:B62,"?*")&" students" -> 1 students

Sheet Mar 2027
A1: =UPPER(Setup!B3) -> FUTURE TALENT ACADEMY JAMSHORO
A2: =Setup!B4&" Fee Register • March 2027" -> Kids Coaching Fee Register • March 2027
A4: Teacher | D4: =Setup!B5 -> Miss Farzana
A6: TEACHER SHARE | C6: ACADEMY SHARE | E6: FEE COLLECTED | G6: PENDING FEES
A7: =F63*Setup!B7 -> 0 | C7: =F63*Setup!B8 -> 0 | E7: =F63 -> 0 | G7: =G63 -> 5500
A8: =Setup!B5 -> Miss Farzana | C8: =TEXT(Setup!B8,"0%")&" of fees collected" -> 50% of fees collected | E8: =COUNTIF(H13:H62,"Clear")&" students fully paid" -> 0 students fully paid | G8: =(COUNTIF(H13:H62,"Due")+COUNTIF(H13:H62,"Partial"))&" students with dues" -> 1 students with dues
A10: Yellow cells: type the amount paid (and date). Previous dues come from last month automatically.
A12: Serial No | B12: Student Name | C12: Previous Due | D12: Monthly Fee | E12: Total Payable | F12: Paid | G12: Balance | H12: Status | I12: Payment Date
A13: 1 | B13: =IF(Students!B5="","",Students!B5) -> Sara (example) | C13: ='Feb 2027'!G13 -> 4500 | D13: =IF(B13="",0,N(Students!E5)) -> 1000 | E13: =N(C13)+N(D13) -> 5500 | G13: =E13-N(F13) -> 5500 | H13: =IF(B13="","",IF(G13<=0,"Clear",IF(N(F13)>0,"Partial","Due"))) -> Due
A14: 2 | B14: =IF(Students!B6="","",Students!B6) | C14: ='Feb 2027'!G14 -> 0 | D14: =IF(B14="",0,N(Students!E6)) -> 0 | E14: =N(C14)+N(D14) -> 0 | G14: =E14-N(F14) -> 0 | H14: =IF(B14="","",IF(G14<=0,"Clear",IF(N(F14)>0,"Partial","Due")))
A15: 3 | B15: =IF(Students!B7="","",Students!B7) | C15: ='Feb 2027'!G15 -> 0 | D15: =IF(B15="",0,N(Students!E7)) -> 0 | E15: =N(C15)+N(D15) -> 0 | G15: =E15-N(F15) -> 0 | H15: =IF(B15="","",IF(G15<=0,"Clear",IF(N(F15)>0,"Partial","Due")))
A16: 4 | B16: =IF(Students!B8="","",Students!B8) | C16: ='Feb 2027'!G16 -> 0 | D16: =IF(B16="",0,N(Students!E8)) -> 0 | E16: =N(C16)+N(D16) -> 0 | G16: =E16-N(F16) -> 0 | H16: =IF(B16="","",IF(G16<=0,"Clear",IF(N(F16)>0,"Partial","Due")))
A17: 5 | B17: =IF(Students!B9="","",Students!B9) | C17: ='Feb 2027'!G17 -> 0 | D17: =IF(B17="",0,N(Students!E9)) -> 0 | E17: =N(C17)+N(D17) -> 0 | G17: =E17-N(F17) -> 0 | H17: =IF(B17="","",IF(G17<=0,"Clear",IF(N(F17)>0,"Partial","Due")))
A18: 6 | B18: =IF(Students!B10="","",Students!B10) | C18: ='Feb 2027'!G18 -> 0 | D18: =IF(B18="",0,N(Students!E10)) -> 0 | E18: =N(C18)+N(D18) -> 0 | G18: =E18-N(F18) -> 0 | H18: =IF(B18="","",IF(G18<=0,"Clear",IF(N(F18)>0,"Partial","Due")))
A19: 7 | B19: =IF(Students!B11="","",Students!B11) | C19: ='Feb 2027'!G19 -> 0 | D19: =IF(B19="",0,N(Students!E11)) -> 0 | E19: =N(C19)+N(D19) -> 0 | G19: =E19-N(F19) -> 0 | H19: =IF(B19="","",IF(G19<=0,"Clear",IF(N(F19)>0,"Partial","Due")))
A20: 8 | B20: =IF(Students!B12="","",Students!B12) | C20: ='Feb 2027'!G20 -> 0 | D20: =IF(B20="",0,N(Students!E12)) -> 0 | E20: =N(C20)+N(D20) -> 0 | G20: =E20-N(F20) -> 0 | H20: =IF(B20="","",IF(G20<=0,"Clear",IF(N(F20)>0,"Partial","Due")))
A21: 9 | B21: =IF(Students!B13="","",Students!B13) | C21: ='Feb 2027'!G21 -> 0 | D21: =IF(B21="",0,N(Students!E13)) -> 0 | E21: =N(C21)+N(D21) -> 0 | G21: =E21-N(F21) -> 0 | H21: =IF(B21="","",IF(G21<=0,"Clear",IF(N(F21)>0,"Partial","Due")))
A22: 10 | B22: =IF(Students!B14="","",Students!B14) | C22: ='Feb 2027'!G22 -> 0 | D22: =IF(B22="",0,N(Students!E14)) -> 0 | E22: =N(C22)+N(D22) -> 0 | G22: =E22-N(F22) -> 0 | H22: =IF(B22="","",IF(G22<=0,"Clear",IF(N(F22)>0,"Partial","Due")))
A23: 11 | B23: =IF(Students!B15="","",Students!B15) | C23: ='Feb 2027'!G23 -> 0 | D23: =IF(B23="",0,N(Students!E15)) -> 0 | E23: =N(C23)+N(D23) -> 0 | G23: =E23-N(F23) -> 0 | H23: =IF(B23="","",IF(G23<=0,"Clear",IF(N(F23)>0,"Partial","Due")))
A24: 12 | B24: =IF(Students!B16="","",Students!B16) | C24: ='Feb 2027'!G24 -> 0 | D24: =IF(B24="",0,N(Students!E16)) -> 0 | E24: =N(C24)+N(D24) -> 0 | G24: =E24-N(F24) -> 0 | H24: =IF(B24="","",IF(G24<=0,"Clear",IF(N(F24)>0,"Partial","Due")))
... A62: 50 | B62: =IF(Students!B54="","",Students!B54) | C62: ='Feb 2027'!G62 -> 0 | D62: =IF(B62="",0,N(Students!E54)) -> 0 | E62: =N(C62)+N(D62) -> 0 | G62: =E62-N(F62) -> 0 | H62: =IF(B62="","",IF(G62<=0,"Clear",IF(N(F62)>0,"Partial","Due")))
A63: TOTAL | C63: =SUM(C13:C62) -> 4500 | D63: =SUM(D13:D62) -> 1000 | E63: =SUM(E13:E62) -> 5500 | F63: =SUM(F13:F62) -> 0 | G63: =SUM(G13:G62) -> 5500 | H63: =COUNTIF(B13:B62,"?*")&" students" -> 1 students

Sheet Apr 2027
A1: =UPPER(Setup!B3) -> FUTURE TALENT ACADEMY JAMSHORO
A2: =Setup!B4&" Fee Register • April 2027" -> Kids Coaching Fee Register • April 2027
A4: Teacher | D4: =Setup!B5 -> Miss Farzana
A6: TEACHER SHARE | C6: ACADEMY SHARE | E6: FEE COLLECTED | G6: PENDING FEES
A7: =F63*Setup!B7 -> 0 | C7: =F63*Setup!B8 -> 0 | E7: =F63 -> 0 | G7: =G63 -> 6500
A8: =Setup!B5 -> Miss Farzana | C8: =TEXT(Setup!B8,"0%")&" of fees collected" -> 50% of fees collected | E8: =COUNTIF(H13:H62,"Clear")&" students fully paid" -> 0 students fully paid | G8: =(COUNTIF(H13:H62,"Due")+COUNTIF(H13:H62,"Partial"))&" students with dues" -> 1 students with dues
A10: Yellow cells: type the amount paid (and date). Previous dues come from last month automatically.
A12: Serial No | B12: Student Name | C12: Previous Due | D12: Monthly Fee | E12: Total Payable | F12: Paid | G12: Balance | H12: Status | I12: Payment Date
A13: 1 | B13: =IF(Students!B5="","",Students!B5) -> Sara (example) | C13: ='Mar 2027'!G13 -> 5500 | D13: =IF(B13="",0,N(Students!E5)) -> 1000 | E13: =N(C13)+N(D13) -> 6500 | G13: =E13-N(F13) -> 6500 | H13: =IF(B13="","",IF(G13<=0,"Clear",IF(N(F13)>0,"Partial","Due"))) -> Due
A14: 2 | B14: =IF(Students!B6="","",Students!B6) | C14: ='Mar 2027'!G14 -> 0 | D14: =IF(B14="",0,N(Students!E6)) -> 0 | E14: =N(C14)+N(D14) -> 0 | G14: =E14-N(F14) -> 0 | H14: =IF(B14="","",IF(G14<=0,"Clear",IF(N(F14)>0,"Partial","Due")))
A15: 3 | B15: =IF(Students!B7="","",Students!B7) | C15: ='Mar 2027'!G15 -> 0 | D15: =IF(B15="",0,N(Students!E7)) -> 0 | E15: =N(C15)+N(D15) -> 0 | G15: =E15-N(F15) -> 0 | H15: =IF(B15="","",IF(G15<=0,"Clear",IF(N(F15)>0,"Partial","Due")))
A16: 4 | B16: =IF(Students!B8="","",Students!B8) | C16: ='Mar 2027'!G16 -> 0 | D16: =IF(B16="",0,N(Students!E8)) -> 0 | E16: =N(C16)+N(D16) -> 0 | G16: =E16-N(F16) -> 0 | H16: =IF(B16="","",IF(G16<=0,"Clear",IF(N(F16)>0,"Partial","Due")))
A17: 5 | B17: =IF(Students!B9="","",Students!B9) | C17: ='Mar 2027'!G17 -> 0 | D17: =IF(B17="",0,N(Students!E9)) -> 0 | E17: =N(C17)+N(D17) -> 0 | G17: =E17-N(F17) -> 0 | H17: =IF(B17="","",IF(G17<=0,"Clear",IF(N(F17)>0,"Partial","Due")))
A18: 6 | B18: =IF(Students!B10="","",Students!B10) | C18: ='Mar 2027'!G18 -> 0 | D18: =IF(B18="",0,N(Students!E10)) -> 0 | E18: =N(C18)+N(D18) -> 0 | G18: =E18-N(F18) -> 0 | H18: =IF(B18="","",IF(G18<=0,"Clear",IF(N(F18)>0,"Partial","Due")))
A19: 7 | B19: =IF(Students!B11="","",Students!B11) | C19: ='Mar 2027'!G19 -> 0 | D19: =IF(B19="",0,N(Students!E11)) -> 0 | E19: =N(C19)+N(D19) -> 0 | G19: =E19-N(F19) -> 0 | H19: =IF(B19="","",IF(G19<=0,"Clear",IF(N(F19)>0,"Partial","Due")))
A20: 8 | B20: =IF(Students!B12="","",Students!B12) | C20: ='Mar 2027'!G20 -> 0 | D20: =IF(B20="",0,N(Students!E12)) -> 0 | E20: =N(C20)+N(D20) -> 0 | G20: =E20-N(F20) -> 0 | H20: =IF(B20="","",IF(G20<=0,"Clear",IF(N(F20)>0,"Partial","Due")))
A21: 9 | B21: =IF(Students!B13="","",Students!B13) | C21: ='Mar 2027'!G21 -> 0 | D21: =IF(B21="",0,N(Students!E13)) -> 0 | E21: =N(C21)+N(D21) -> 0 | G21: =E21-N(F21) -> 0 | H21: =IF(B21="","",IF(G21<=0,"Clear",IF(N(F21)>0,"Partial","Due")))
A22: 10 | B22: =IF(Students!B14="","",Students!B14) | C22: ='Mar 2027'!G22 -> 0 | D22: =IF(B22="",0,N(Students!E14)) -> 0 | E22: =N(C22)+N(D22) -> 0 | G22: =E22-N(F22) -> 0 | H22: =IF(B22="","",IF(G22<=0,"Clear",IF(N(F22)>0,"Partial","Due")))
A23: 11 | B23: =IF(Students!B15="","",Students!B15) | C23: ='Mar 2027'!G23 -> 0 | D23: =IF(B23="",0,N(Students!E15)) -> 0 | E23: =N(C23)+N(D23) -> 0 | G23: =E23-N(F23) -> 0 | H23: =IF(B23="","",IF(G23<=0,"Clear",IF(N(F23)>0,"Partial","Due")))
A24: 12 | B24: =IF(Students!B16="","",Students!B16) | C24: ='Mar 2027'!G24 -> 0 | D24: =IF(B24="",0,N(Students!E16)) -> 0 | E24: =N(C24)+N(D24) -> 0 | G24: =E24-N(F24) -> 0 | H24: =IF(B24="","",IF(G24<=0,"Clear",IF(N(F24)>0,"Partial","Due")))
... A62: 50 | B62: =IF(Students!B54="","",Students!B54) | C62: ='Mar 2027'!G62 -> 0 | D62: =IF(B62="",0,N(Students!E54)) -> 0 | E62: =N(C62)+N(D62) -> 0 | G62: =E62-N(F62) -> 0 | H62: =IF(B62="","",IF(G62<=0,"Clear",IF(N(F62)>0,"Partial","Due")))
A63: TOTAL | C63: =SUM(C13:C62) -> 5500 | D63: =SUM(D13:D62) -> 1000 | E63: =SUM(E13:E62) -> 6500 | F63: =SUM(F13:F62) -> 0 | G63: =SUM(G13:G62) -> 6500 | H63: =COUNTIF(B13:B62,"?*")&" students" -> 1 students

Sheet May 2027
A1: =UPPER(Setup!B3) -> FUTURE TALENT ACADEMY JAMSHORO
A2: =Setup!B4&" Fee Register • May 2027" -> Kids Coaching Fee Register • May 2027
A4: Teacher | D4: =Setup!B5 -> Miss Farzana
A6: TEACHER SHARE | C6: ACADEMY SHARE | E6: FEE COLLECTED | G6: PENDING FEES
A7: =F63*Setup!B7 -> 0 | C7: =F63*Setup!B8 -> 0 | E7: =F63 -> 0 | G7: =G63 -> 7500
A8: =Setup!B5 -> Miss Farzana | C8: =TEXT(Setup!B8,"0%")&" of fees collected" -> 50% of fees collected | E8: =COUNTIF(H13:H62,"Clear")&" students fully paid" -> 0 students fully paid | G8: =(COUNTIF(H13:H62,"Due")+COUNTIF(H13:H62,"Partial"))&" students with dues" -> 1 students with dues
A10: Yellow cells: type the amount paid (and date). Previous dues come from last month automatically.
A12: Serial No | B12: Student Name | C12: Previous Due | D12: Monthly Fee | E12: Total Payable | F12: Paid | G12: Balance | H12: Status | I12: Payment Date
A13: 1 | B13: =IF(Students!B5="","",Students!B5) -> Sara (example) | C13: ='Apr 2027'!G13 -> 6500 | D13: =IF(B13="",0,N(Students!E5)) -> 1000 | E13: =N(C13)+N(D13) -> 7500 | G13: =E13-N(F13) -> 7500 | H13: =IF(B13="","",IF(G13<=0,"Clear",IF(N(F13)>0,"Partial","Due"))) -> Due
A14: 2 | B14: =IF(Students!B6="","",Students!B6) | C14: ='Apr 2027'!G14 -> 0 | D14: =IF(B14="",0,N(Students!E6)) -> 0 | E14: =N(C14)+N(D14) -> 0 | G14: =E14-N(F14) -> 0 | H14: =IF(B14="","",IF(G14<=0,"Clear",IF(N(F14)>0,"Partial","Due")))
A15: 3 | B15: =IF(Students!B7="","",Students!B7) | C15: ='Apr 2027'!G15 -> 0 | D15: =IF(B15="",0,N(Students!E7)) -> 0 | E15: =N(C15)+N(D15) -> 0 | G15: =E15-N(F15) -> 0 | H15: =IF(B15="","",IF(G15<=0,"Clear",IF(N(F15)>0,"Partial","Due")))
A16: 4 | B16: =IF(Students!B8="","",Students!B8) | C16: ='Apr 2027'!G16 -> 0 | D16: =IF(B16="",0,N(Students!E8)) -> 0 | E16: =N(C16)+N(D16) -> 0 | G16: =E16-N(F16) -> 0 | H16: =IF(B16="","",IF(G16<=0,"Clear",IF(N(F16)>0,"Partial","Due")))
A17: 5 | B17: =IF(Students!B9="","",Students!B9) | C17: ='Apr 2027'!G17 -> 0 | D17: =IF(B17="",0,N(Students!E9)) -> 0 | E17: =N(C17)+N(D17) -> 0 | G17: =E17-N(F17) -> 0 | H17: =IF(B17="","",IF(G17<=0,"Clear",IF(N(F17)>0,"Partial","Due")))
A18: 6 | B18: =IF(Students!B10="","",Students!B10) | C18: ='Apr 2027'!G18 -> 0 | D18: =IF(B18="",0,N(Students!E10)) -> 0 | E18: =N(C18)+N(D18) -> 0 | G18: =E18-N(F18) -> 0 | H18: =IF(B18="","",IF(G18<=0,"Clear",IF(N(F18)>0,"Partial","Due")))
A19: 7 | B19: =IF(Students!B11="","",Students!B11) | C19: ='Apr 2027'!G19 -> 0 | D19: =IF(B19="",0,N(Students!E11)) -> 0 | E19: =N(C19)+N(D19) -> 0 | G19: =E19-N(F19) -> 0 | H19: =IF(B19="","",IF(G19<=0,"Clear",IF(N(F19)>0,"Partial","Due")))
A20: 8 | B20: =IF(Students!B12="","",Students!B12) | C20: ='Apr 2027'!G20 -> 0 | D20: =IF(B20="",0,N(Students!E12)) -> 0 | E20: =N(C20)+N(D20) -> 0 | G20: =E20-N(F20) -> 0 | H20: =IF(B20="","",IF(G20<=0,"Clear",IF(N(F20)>0,"Partial","Due")))
A21: 9 | B21: =IF(Students!B13="","",Students!B13) | C21: ='Apr 2027'!G21 -> 0 | D21: =IF(B21="",0,N(Students!E13)) -> 0 | E21: =N(C21)+N(D21) -> 0 | G21: =E21-N(F21) -> 0 | H21: =IF(B21="","",IF(G21<=0,"Clear",IF(N(F21)>0,"Partial","Due")))
A22: 10 | B22: =IF(Students!B14="","",Students!B14) | C22: ='Apr 2027'!G22 -> 0 | D22: =IF(B22="",0,N(Students!E14)) -> 0 | E22: =N(C22)+N(D22) -> 0 | G22: =E22-N(F22) -> 0 | H22: =IF(B22="","",IF(G22<=0,"Clear",IF(N(F22)>0,"Partial","Due")))
A23: 11 | B23: =IF(Students!B15="","",Students!B15) | C23: ='Apr 2027'!G23 -> 0 | D23: =IF(B23="",0,N(Students!E15)) -> 0 | E23: =N(C23)+N(D23) -> 0 | G23: =E23-N(F23) -> 0 | H23: =IF(B23="","",IF(G23<=0,"Clear",IF(N(F23)>0,"Partial","Due")))
A24: 12 | B24: =IF(Students!B16="","",Students!B16) | C24: ='Apr 2027'!G24 -> 0 | D24: =IF(B24="",0,N(Students!E16)) -> 0 | E24: =N(C24)+N(D24) -> 0 | G24: =E24-N(F24) -> 0 | H24: =IF(B24="","",IF(G24<=0,"Clear",IF(N(F24)>0,"Partial","Due")))
... A62: 50 | B62: =IF(Students!B54="","",Students!B54) | C62: ='Apr 2027'!G62 -> 0 | D62: =IF(B62="",0,N(Students!E54)) -> 0 | E62: =N(C62)+N(D62) -> 0 | G62: =E62-N(F62) -> 0 | H62: =IF(B62="","",IF(G62<=0,"Clear",IF(N(F62)>0,"Partial","Due")))
A63: TOTAL | C63: =SUM(C13:C62) -> 6500 | D63: =SUM(D13:D62) -> 1000 | E63: =SUM(E13:E62) -> 7500 | F63: =SUM(F13:F62) -> 0 | G63: =SUM(G13:G62) -> 7500 | H63: =COUNTIF(B13:B62,"?*")&" students" -> 1 students

Sheet Jun 2027
A1: =UPPER(Setup!B3) -> FUTURE TALENT ACADEMY JAMSHORO
A2: =Setup!B4&" Fee Register • June 2027" -> Kids Coaching Fee Register • June 2027
A4: Teacher | D4: =Setup!B5 -> Miss Farzana
A6: TEACHER SHARE | C6: ACADEMY SHARE | E6: FEE COLLECTED | G6: PENDING FEES
A7: =F63*Setup!B7 -> 0 | C7: =F63*Setup!B8 -> 0 | E7: =F63 -> 0 | G7: =G63 -> 8500
A8: =Setup!B5 -> Miss Farzana | C8: =TEXT(Setup!B8,"0%")&" of fees collected" -> 50% of fees collected | E8: =COUNTIF(H13:H62,"Clear")&" students fully paid" -> 0 students fully paid | G8: =(COUNTIF(H13:H62,"Due")+COUNTIF(H13:H62,"Partial"))&" students with dues" -> 1 students with dues
A10: Yellow cells: type the amount paid (and date). Previous dues come from last month automatically.
A12: Serial No | B12: Student Name | C12: Previous Due | D12: Monthly Fee | E12: Total Payable | F12: Paid | G12: Balance | H12: Status | I12: Payment Date
A13: 1 | B13: =IF(Students!B5="","",Students!B5) -> Sara (example) | C13: ='May 2027'!G13 -> 7500 | D13: =IF(B13="",0,N(Students!E5)) -> 1000 | E13: =N(C13)+N(D13) -> 8500 | G13: =E13-N(F13) -> 8500 | H13: =IF(B13="","",IF(G13<=0,"Clear",IF(N(F13)>0,"Partial","Due"))) -> Due
A14: 2 | B14: =IF(Students!B6="","",Students!B6) | C14: ='May 2027'!G14 -> 0 | D14: =IF(B14="",0,N(Students!E6)) -> 0 | E14: =N(C14)+N(D14) -> 0 | G14: =E14-N(F14) -> 0 | H14: =IF(B14="","",IF(G14<=0,"Clear",IF(N(F14)>0,"Partial","Due")))
A15: 3 | B15: =IF(Students!B7="","",Students!B7) | C15: ='May 2027'!G15 -> 0 | D15: =IF(B15="",0,N(Students!E7)) -> 0 | E15: =N(C15)+N(D15) -> 0 | G15: =E15-N(F15) -> 0 | H15: =IF(B15="","",IF(G15<=0,"Clear",IF(N(F15)>0,"Partial","Due")))
A16: 4 | B16: =IF(Students!B8="","",Students!B8) | C16: ='May 2027'!G16 -> 0 | D16: =IF(B16="",0,N(Students!E8)) -> 0 | E16: =N(C16)+N(D16) -> 0 | G16: =E16-N(F16) -> 0 | H16: =IF(B16="","",IF(G16<=0,"Clear",IF(N(F16)>0,"Partial","Due")))
A17: 5 | B17: =IF(Students!B9="","",Students!B9) | C17: ='May 2027'!G17 -> 0 | D17: =IF(B17="",0,N(Students!E9)) -> 0 | E17: =N(C17)+N(D17) -> 0 | G17: =E17-N(F17) -> 0 | H17: =IF(B17="","",IF(G17<=0,"Clear",IF(N(F17)>0,"Partial","Due")))
A18: 6 | B18: =IF(Students!B10="","",Students!B10) | C18: ='May 2027'!G18 -> 0 | D18: =IF(B18="",0,N(Students!E10)) -> 0 | E18: =N(C18)+N(D18) -> 0 | G18: =E18-N(F18) -> 0 | H18: =IF(B18="","",IF(G18<=0,"Clear",IF(N(F18)>0,"Partial","Due")))
A19: 7 | B19: =IF(Students!B11="","",Students!B11) | C19: ='May 2027'!G19 -> 0 | D19: =IF(B19="",0,N(Students!E11)) -> 0 | E19: =N(C19)+N(D19) -> 0 | G19: =E19-N(F19) -> 0 | H19: =IF(B19="","",IF(G19<=0,"Clear",IF(N(F19)>0,"Partial","Due")))
A20: 8 | B20: =IF(Students!B12="","",Students!B12) | C20: ='May 2027'!G20 -> 0 | D20: =IF(B20="",0,N(Students!E12)) -> 0 | E20: =N(C20)+N(D20) -> 0 | G20: =E20-N(F20) -> 0 | H20: =IF(B20="","",IF(G20<=0,"Clear",IF(N(F20)>0,"Partial","Due")))
A21: 9 | B21: =IF(Students!B13="","",Students!B13) | C21: ='May 2027'!G21 -> 0 | D21: =IF(B21="",0,N(Students!E13)) -> 0 | E21: =N(C21)+N(D21) -> 0 | G21: =E21-N(F21) -> 0 | H21: =IF(B21="","",IF(G21<=0,"Clear",IF(N(F21)>0,"Partial","Due")))
A22: 10 | B22: =IF(Students!B14="","",Students!B14) | C22: ='May 2027'!G22 -> 0 | D22: =IF(B22="",0,N(Students!E14)) -> 0 | E22: =N(C22)+N(D22) -> 0 | G22: =E22-N(F22) -> 0 | H22: =IF(B22="","",IF(G22<=0,"Clear",IF(N(F22)>0,"Partial","Due")))
A23: 11 | B23: =IF(Students!B15="","",Students!B15) | C23: ='May 2027'!G23 -> 0 | D23: =IF(B23="",0,N(Students!E15)) -> 0 | E23: =N(C23)+N(D23) -> 0 | G23: =E23-N(F23) -> 0 | H23: =IF(B23="","",IF(G23<=0,"Clear",IF(N(F23)>0,"Partial","Due")))
A24: 12 | B24: =IF(Students!B16="","",Students!B16) | C24: ='May 2027'!G24 -> 0 | D24: =IF(B24="",0,N(Students!E16)) -> 0 | E24: =N(C24)+N(D24) -> 0 | G24: =E24-N(F24) -> 0 | H24: =IF(B24="","",IF(G24<=0,"Clear",IF(N(F24)>0,"Partial","Due")))
... A62: 50 | B62: =IF(Students!B54="","",Students!B54) | C62: ='May 2027'!G62 -> 0 | D62: =IF(B62="",0,N(Students!E54)) -> 0 | E62: =N(C62)+N(D62) -> 0 | G62: =E62-N(F62) -> 0 | H62: =IF(B62="","",IF(G62<=0,"Clear",IF(N(F62)>0,"Partial","Due")))
A63: TOTAL | C63: =SUM(C13:C62) -> 7500 | D63: =SUM(D13:D62) -> 1000 | E63: =SUM(E13:E62) -> 8500 | F63: =SUM(F13:F62) -> 0 | G63: =SUM(G13:G62) -> 8500 | H63: =COUNTIF(B13:B62,"?*")&" students" -> 1 students

Sheet Jul 2027
A1: =UPPER(Setup!B3) -> FUTURE TALENT ACADEMY JAMSHORO
A2: =Setup!B4&" Fee Register • July 2027" -> Kids Coaching Fee Register • July 2027
A4: Teacher | D4: =Setup!B5 -> Miss Farzana
A6: TEACHER SHARE | C6: ACADEMY SHARE | E6: FEE COLLECTED | G6: PENDING FEES
A7: =F63*Setup!B7 -> 0 | C7: =F63*Setup!B8 -> 0 | E7: =F63 -> 0 | G7: =G63 -> 9500
A8: =Setup!B5 -> Miss Farzana | C8: =TEXT(Setup!B8,"0%")&" of fees collected" -> 50% of fees collected | E8: =COUNTIF(H13:H62,"Clear")&" students fully paid" -> 0 students fully paid | G8: =(COUNTIF(H13:H62,"Due")+COUNTIF(H13:H62,"Partial"))&" students with dues" -> 1 students with dues
A10: Yellow cells: type the amount paid (and date). Previous dues come from last month automatically.
A12: Serial No | B12: Student Name | C12: Previous Due | D12: Monthly Fee | E12: Total Payable | F12: Paid | G12: Balance | H12: Status | I12: Payment Date
A13: 1 | B13: =IF(Students!B5="","",Students!B5) -> Sara (example) | C13: ='Jun 2027'!G13 -> 8500 | D13: =IF(B13="",0,N(Students!E5)) -> 1000 | E13: =N(C13)+N(D13) -> 9500 | G13: =E13-N(F13) -> 9500 | H13: =IF(B13="","",IF(G13<=0,"Clear",IF(N(F13)>0,"Partial","Due"))) -> Due
A14: 2 | B14: =IF(Students!B6="","",Students!B6) | C14: ='Jun 2027'!G14 -> 0 | D14: =IF(B14="",0,N(Students!E6)) -> 0 | E14: =N(C14)+N(D14) -> 0 | G14: =E14-N(F14) -> 0 | H14: =IF(B14="","",IF(G14<=0,"Clear",IF(N(F14)>0,"Partial","Due")))
A15: 3 | B15: =IF(Students!B7="","",Students!B7) | C15: ='Jun 2027'!G15 -> 0 | D15: =IF(B15="",0,N(Students!E7)) -> 0 | E15: =N(C15)+N(D15) -> 0 | G15: =E15-N(F15) -> 0 | H15: =IF(B15="","",IF(G15<=0,"Clear",IF(N(F15)>0,"Partial","Due")))
A16: 4 | B16: =IF(Students!B8="","",Students!B8) | C16: ='Jun 2027'!G16 -> 0 | D16: =IF(B16="",0,N(Students!E8)) -> 0 | E16: =N(C16)+N(D16) -> 0 | G16: =E16-N(F16) -> 0 | H16: =IF(B16="","",IF(G16<=0,"Clear",IF(N(F16)>0,"Partial","Due")))
A17: 5 | B17: =IF(Students!B9="","",Students!B9) | C17: ='Jun 2027'!G17 -> 0 | D17: =IF(B17="",0,N(Students!E9)) -> 0 | E17: =N(C17)+N(D17) -> 0 | G17: =E17-N(F17) -> 0 | H17: =IF(B17="","",IF(G17<=0,"Clear",IF(N(F17)>0,"Partial","Due")))
A18: 6 | B18: =IF(Students!B10="","",Students!B10) | C18: ='Jun 2027'!G18 -> 0 | D18: =IF(B18="",0,N(Students!E10)) -> 0 | E18: =N(C18)+N(D18) -> 0 | G18: =E18-N(F18) -> 0 | H18: =IF(B18="","",IF(G18<=0,"Clear",IF(N(F18)>0,"Partial","Due")))
A19: 7 | B19: =IF(Students!B11="","",Students!B11) | C19: ='Jun 2027'!G19 -> 0 | D19: =IF(B19="",0,N(Students!E11)) -> 0 | E19: =N(C19)+N(D19) -> 0 | G19: =E19-N(F19) -> 0 | H19: =IF(B19="","",IF(G19<=0,"Clear",IF(N(F19)>0,"Partial","Due")))
A20: 8 | B20: =IF(Students!B12="","",Students!B12) | C20: ='Jun 2027'!G20 -> 0 | D20: =IF(B20="",0,N(Students!E12)) -> 0 | E20: =N(C20)+N(D20) -> 0 | G20: =E20-N(F20) -> 0 | H20: =IF(B20="","",IF(G20<=0,"Clear",IF(N(F20)>0,"Partial","Due")))
A21: 9 | B21: =IF(Students!B13="","",Students!B13) | C21: ='Jun 2027'!G21 -> 0 | D21: =IF(B21="",0,N(Students!E13)) -> 0 | E21: =N(C21)+N(D21) -> 0 | G21: =E21-N(F21) -> 0 | H21: =IF(B21="","",IF(G21<=0,"Clear",IF(N(F21)>0,"Partial","Due")))
A22: 10 | B22: =IF(Students!B14="","",Students!B14) | C22: ='Jun 2027'!G22 -> 0 | D22: =IF(B22="",0,N(Students!E14)) -> 0 | E22: =N(C22)+N(D22) -> 0 | G22: =E22-N(F22) -> 0 | H22: =IF(B22="","",IF(G22<=0,"Clear",IF(N(F22)>0,"Partial","Due")))
A23: 11 | B23: =IF(Students!B15="","",Students!B15) | C23: ='Jun 2027'!G23 -> 0 | D23: =IF(B23="",0,N(Students!E15)) -> 0 | E23: =N(C23)+N(D23) -> 0 | G23: =E23-N(F23) -> 0 | H23: =IF(B23="","",IF(G23<=0,"Clear",IF(N(F23)>0,"Partial","Due")))
A24: 12 | B24: =IF(Students!B16="","",Students!B16) | C24: ='Jun 2027'!G24 -> 0 | D24: =IF(B24="",0,N(Students!E16)) -> 0 | E24: =N(C24)+N(D24) -> 0 | G24: =E24-N(F24) -> 0 | H24: =IF(B24="","",IF(G24<=0,"Clear",IF(N(F24)>0,"Partial","Due")))
... A62: 50 | B62: =IF(Students!B54="","",Students!B54) | C62: ='Jun 2027'!G62 -> 0 | D62: =IF(B62="",0,N(Students!E54)) -> 0 | E62: =N(C62)+N(D62) -> 0 | G62: =E62-N(F62) -> 0 | H62: =IF(B62="","",IF(G62<=0,"Clear",IF(N(F62)>0,"Partial","Due")))
A63: TOTAL | C63: =SUM(C13:C62) -> 8500 | D63: =SUM(D13:D62) -> 1000 | E63: =SUM(E13:E62) -> 9500 | F63: =SUM(F13:F62) -> 0 | G63: =SUM(G13:G62) -> 9500 | H63: =COUNTIF(B13:B62,"?*")&" students" -> 1 students

Sheet Aug 2027
A1: =UPPER(Setup!B3) -> FUTURE TALENT ACADEMY JAMSHORO
A2: =Setup!B4&" Fee Register • August 2027" -> Kids Coaching Fee Register • August 2027
A4: Teacher | D4: =Setup!B5 -> Miss Farzana
A6: TEACHER SHARE | C6: ACADEMY SHARE | E6: FEE COLLECTED | G6: PENDING FEES
A7: =F63*Setup!B7 -> 0 | C7: =F63*Setup!B8 -> 0 | E7: =F63 -> 0 | G7: =G63 -> 10500
A8: =Setup!B5 -> Miss Farzana | C8: =TEXT(Setup!B8,"0%")&" of fees collected" -> 50% of fees collected | E8: =COUNTIF(H13:H62,"Clear")&" students fully paid" -> 0 students fully paid | G8: =(COUNTIF(H13:H62,"Due")+COUNTIF(H13:H62,"Partial"))&" students with dues" -> 1 students with dues
A10: Yellow cells: type the amount paid (and date). Previous dues come from last month automatically.
A12: Serial No | B12: Student Name | C12: Previous Due | D12: Monthly Fee | E12: Total Payable | F12: Paid | G12: Balance | H12: Status | I12: Payment Date
A13: 1 | B13: =IF(Students!B5="","",Students!B5) -> Sara (example) | C13: ='Jul 2027'!G13 -> 9500 | D13: =IF(B13="",0,N(Students!E5)) -> 1000 | E13: =N(C13)+N(D13) -> 10500 | G13: =E13-N(F13) -> 10500 | H13: =IF(B13="","",IF(G13<=0,"Clear",IF(N(F13)>0,"Partial","Due"))) -> Due
A14: 2 | B14: =IF(Students!B6="","",Students!B6) | C14: ='Jul 2027'!G14 -> 0 | D14: =IF(B14="",0,N(Students!E6)) -> 0 | E14: =N(C14)+N(D14) -> 0 | G14: =E14-N(F14) -> 0 | H14: =IF(B14="","",IF(G14<=0,"Clear",IF(N(F14)>0,"Partial","Due")))
A15: 3 | B15: =IF(Students!B7="","",Students!B7) | C15: ='Jul 2027'!G15 -> 0 | D15: =IF(B15="",0,N(Students!E7)) -> 0 | E15: =N(C15)+N(D15) -> 0 | G15: =E15-N(F15) -> 0 | H15: =IF(B15="","",IF(G15<=0,"Clear",IF(N(F15)>0,"Partial","Due")))
A16: 4 | B16: =IF(Students!B8="","",Students!B8) | C16: ='Jul 2027'!G16 -> 0 | D16: =IF(B16="",0,N(Students!E8)) -> 0 | E16: =N(C16)+N(D16) -> 0 | G16: =E16-N(F16) -> 0 | H16: =IF(B16="","",IF(G16<=0,"Clear",IF(N(F16)>0,"Partial","Due")))
A17: 5 | B17: =IF(Students!B9="","",Students!B9) | C17: ='Jul 2027'!G17 -> 0 | D17: =IF(B17="",0,N(Students!E9)) -> 0 | E17: =N(C17)+N(D17) -> 0 | G17: =E17-N(F17) -> 0 | H17: =IF(B17="","",IF(G17<=0,"Clear",IF(N(F17)>0,"Partial","Due")))
A18: 6 | B18: =IF(Students!B10="","",Students!B10) | C18: ='Jul 2027'!G18 -> 0 | D18: =IF(B18="",0,N(Students!E10)) -> 0 | E18: =N(C18)+N(D18) -> 0 | G18: =E18-N(F18) -> 0 | H18: =IF(B18="","",IF(G18<=0,"Clear",IF(N(F18)>0,"Partial","Due")))
A19: 7 | B19: =IF(Students!B11="","",Students!B11) | C19: ='Jul 2027'!G19 -> 0 | D19: =IF(B19="",0,N(Students!E11)) -> 0 | E19: =N(C19)+N(D19) -> 0 | G19: =E19-N(F19) -> 0 | H19: =IF(B19="","",IF(G19<=0,"Clear",IF(N(F19)>0,"Partial","Due")))
A20: 8 | B20: =IF(Students!B12="","",Students!B12) | C20: ='Jul 2027'!G20 -> 0 | D20: =IF(B20="",0,N(Students!E12)) -> 0 | E20: =N(C20)+N(D20) -> 0 | G20: =E20-N(F20) -> 0 | H20: =IF(B20="","",IF(G20<=0,"Clear",IF(N(F20)>0,"Partial","Due")))
A21: 9 | B21: =IF(Students!B13="","",Students!B13) | C21: ='Jul 2027'!G21 -> 0 | D21: =IF(B21="",0,N(Students!E13)) -> 0 | E21: =N(C21)+N(D21) -> 0 | G21: =E21-N(F21) -> 0 | H21: =IF(B21="","",IF(G21<=0,"Clear",IF(N(F21)>0,"Partial","Due")))
A22: 10 | B22: =IF(Students!B14="","",Students!B14) | C22: ='Jul 2027'!G22 -> 0 | D22: =IF(B22="",0,N(Students!E14)) -> 0 | E22: =N(C22)+N(D22) -> 0 | G22: =E22-N(F22) -> 0 | H22: =IF(B22="","",IF(G22<=0,"Clear",IF(N(F22)>0,"Partial","Due")))
A23: 11 | B23: =IF(Students!B15="","",Students!B15) | C23: ='Jul 2027'!G23 -> 0 | D23: =IF(B23="",0,N(Students!E15)) -> 0 | E23: =N(C23)+N(D23) -> 0 | G23: =E23-N(F23) -> 0 | H23: =IF(B23="","",IF(G23<=0,"Clear",IF(N(F23)>0,"Partial","Due")))
A24: 12 | B24: =IF(Students!B16="","",Students!B16) | C24: ='Jul 2027'!G24 -> 0 | D24: =IF(B24="",0,N(Students!E16)) -> 0 | E24: =N(C24)+N(D24) -> 0 | G24: =E24-N(F24) -> 0 | H24: =IF(B24="","",IF(G24<=0,"Clear",IF(N(F24)>0,"Partial","Due")))
... A62: 50 | B62: =IF(Students!B54="","",Students!B54) | C62: ='Jul 2027'!G62 -> 0 | D62: =IF(B62="",0,N(Students!E54)) -> 0 | E62: =N(C62)+N(D62) -> 0 | G62: =E62-N(F62) -> 0 | H62: =IF(B62="","",IF(G62<=0,"Clear",IF(N(F62)>0,"Partial","Due")))
A63: TOTAL | C63: =SUM(C13:C62) -> 9500 | D63: =SUM(D13:D62) -> 1000 | E63: =SUM(E13:E62) -> 10500 | F63: =SUM(F13:F62) -> 0 | G63: =SUM(G13:G62) -> 10500 | H63: =COUNTIF(B13:B62,"?*")&" students" -> 1 students

Sheet Sep 2027
A1: =UPPER(Setup!B3) -> FUTURE TALENT ACADEMY JAMSHORO
A2: =Setup!B4&" Fee Register • September 2027" -> Kids Coaching Fee Register • September 2027
A4: Teacher | D4: =Setup!B5 -> Miss Farzana
A6: TEACHER SHARE | C6: ACADEMY SHARE | E6: FEE COLLECTED | G6: PENDING FEES
A7: =F63*Setup!B7 -> 0 | C7: =F63*Setup!B8 -> 0 | E7: =F63 -> 0 | G7: =G63 -> 11500
A8: =Setup!B5 -> Miss Farzana | C8: =TEXT(Setup!B8,"0%")&" of fees collected" -> 50% of fees collected | E8: =COUNTIF(H13:H62,"Clear")&" students fully paid" -> 0 students fully paid | G8: =(COUNTIF(H13:H62,"Due")+COUNTIF(H13:H62,"Partial"))&" students with dues" -> 1 students with dues
A10: Yellow cells: type the amount paid (and date). Previous dues come from last month automatically.
A12: Serial No | B12: Student Name | C12: Previous Due | D12: Monthly Fee | E12: Total Payable | F12: Paid | G12: Balance | H12: Status | I12: Payment Date
A13: 1 | B13: =IF(Students!B5="","",Students!B5) -> Sara (example) | C13: ='Aug 2027'!G13 -> 10500 | D13: =IF(B13="",0,N(Students!E5)) -> 1000 | E13: =N(C13)+N(D13) -> 11500 | G13: =E13-N(F13) -> 11500 | H13: =IF(B13="","",IF(G13<=0,"Clear",IF(N(F13)>0,"Partial","Due"))) -> Due
A14: 2 | B14: =IF(Students!B6="","",Students!B6) | C14: ='Aug 2027'!G14 -> 0 | D14: =IF(B14="",0,N(Students!E6)) -> 0 | E14: =N(C14)+N(D14) -> 0 | G14: =E14-N(F14) -> 0 | H14: =IF(B14="","",IF(G14<=0,"Clear",IF(N(F14)>0,"Partial","Due")))
A15: 3 | B15: =IF(Students!B7="","",Students!B7) | C15: ='Aug 2027'!G15 -> 0 | D15: =IF(B15="",0,N(Students!E7)) -> 0 | E15: =N(C15)+N(D15) -> 0 | G15: =E15-N(F15) -> 0 | H15: =IF(B15="","",IF(G15<=0,"Clear",IF(N(F15)>0,"Partial","Due")))
A16: 4 | B16: =IF(Students!B8="","",Students!B8) | C16: ='Aug 2027'!G16 -> 0 | D16: =IF(B16="",0,N(Students!E8)) -> 0 | E16: =N(C16)+N(D16) -> 0 | G16: =E16-N(F16) -> 0 | H16: =IF(B16="","",IF(G16<=0,"Clear",IF(N(F16)>0,"Partial","Due")))
A17: 5 | B17: =IF(Students!B9="","",Students!B9) | C17: ='Aug 2027'!G17 -> 0 | D17: =IF(B17="",0,N(Students!E9)) -> 0 | E17: =N(C17)+N(D17) -> 0 | G17: =E17-N(F17) -> 0 | H17: =IF(B17="","",IF(G17<=0,"Clear",IF(N(F17)>0,"Partial","Due")))
A18: 6 | B18: =IF(Students!B10="","",Students!B10) | C18: ='Aug 2027'!G18 -> 0 | D18: =IF(B18="",0,N(Students!E10)) -> 0 | E18: =N(C18)+N(D18) -> 0 | G18: =E18-N(F18) -> 0 | H18: =IF(B18="","",IF(G18<=0,"Clear",IF(N(F18)>0,"Partial","Due")))
A19: 7 | B19: =IF(Students!B11="","",Students!B11) | C19: ='Aug 2027'!G19 -> 0 | D19: =IF(B19="",0,N(Students!E11)) -> 0 | E19: =N(C19)+N(D19) -> 0 | G19: =E19-N(F19) -> 0 | H19: =IF(B19="","",IF(G19<=0,"Clear",IF(N(F19)>0,"Partial","Due")))
A20: 8 | B20: =IF(Students!B12="","",Students!B12) | C20: ='Aug 2027'!G20 -> 0 | D20: =IF(B20="",0,N(Students!E12)) -> 0 | E20: =N(C20)+N(D20) -> 0 | G20: =E20-N(F20) -> 0 | H20: =IF(B20="","",IF(G20<=0,"Clear",IF(N(F20)>0,"Partial","Due")))
A21: 9 | B21: =IF(Students!B13="","",Students!B13) | C21: ='Aug 2027'!G21 -> 0 | D21: =IF(B21="",0,N(Students!E13)) -> 0 | E21: =N(C21)+N(D21) -> 0 | G21: =E21-N(F21) -> 0 | H21: =IF(B21="","",IF(G21<=0,"Clear",IF(N(F21)>0,"Partial","Due")))
A22: 10 | B22: =IF(Students!B14="","",Students!B14) | C22: ='Aug 2027'!G22 -> 0 | D22: =IF(B22="",0,N(Students!E14)) -> 0 | E22: =N(C22)+N(D22) -> 0 | G22: =E22-N(F22) -> 0 | H22: =IF(B22="","",IF(G22<=0,"Clear",IF(N(F22)>0,"Partial","Due")))
A23: 11 | B23: =IF(Students!B15="","",Students!B15) | C23: ='Aug 2027'!G23 -> 0 | D23: =IF(B23="",0,N(Students!E15)) -> 0 | E23: =N(C23)+N(D23) -> 0 | G23: =E23-N(F23) -> 0 | H23: =IF(B23="","",IF(G23<=0,"Clear",IF(N(F23)>0,"Partial","Due")))
A24: 12 | B24: =IF(Students!B16="","",Students!B16) | C24: ='Aug 2027'!G24 -> 0 | D24: =IF(B24="",0,N(Students!E16)) -> 0 | E24: =N(C24)+N(D24) -> 0 | G24: =E24-N(F24) -> 0 | H24: =IF(B24="","",IF(G24<=0,"Clear",IF(N(F24)>0,"Partial","Due")))
... A62: 50 | B62: =IF(Students!B54="","",Students!B54) | C62: ='Aug 2027'!G62 -> 0 | D62: =IF(B62="",0,N(Students!E54)) -> 0 | E62: =N(C62)+N(D62) -> 0 | G62: =E62-N(F62) -> 0 | H62: =IF(B62="","",IF(G62<=0,"Clear",IF(N(F62)>0,"Partial","Due")))
A63: TOTAL | C63: =SUM(C13:C62) -> 10500 | D63: =SUM(D13:D62) -> 1000 | E63: =SUM(E13:E62) -> 11500 | F63: =SUM(F13:F62) -> 0 | G63: =SUM(G13:G62) -> 11500 | H63: =COUNTIF(B13:B62,"?*")&" students" -> 1 students
